Round,Wk,Day,Date,Time,Home,Score,Away,Attendance,Venue,Referee,Match Report,Notes,season,Div
Regular season,1.0,Fri,2018-08-17,20:00,Cádiz,1–0,Almería,13582.0,Estadio Ramón de Carranza,Daniel Trujillo,Match Report,,19,SP2
Regular season,1.0,Fri,2018-08-17,22:00,Albacete,1–1,La Coruña,5934.0,Estadio Carlos Belmonte,Valentín Pizarro,Match Report,,19,SP2
Regular season,1.0,Sat,2018-08-18,19:00,Elche,0–0,Granada,11025.0,Estadio Manuel Martínez Valero,Santiago Varón,Match Report,,19,SP2
Regular season,1.0,Sat,2018-08-18,19:30,Lugo,1–2,Málaga,3290.0,Estadio Anxo Carro,Víctor Areces,Match Report,,19,SP2
Regular season,1.0,Sat,2018-08-18,20:30,Alcorcón,1–1,Sporting Gijón,2483.0,Estadio Santo Domingo,Jorge Figueroa,Match Report,,19,SP2
Regular season,1.0,Sat,2018-08-18,22:00,Córdoba,3–3,Numancia,11685.0,Estadio Nuevo Arcángel,Isidro Díaz de Mera,Match Report,,19,SP2
Regular season,1.0,Sun,2018-08-19,19:00,Oviedo,1–1,Extremadura,13315.0,Estadio Nuevo Carlos Tartiere,Javier Villanueva,Match Report,,19,SP2
Regular season,1.0,Sun,2018-08-19,19:00,Mallorca,1–0,Osasuna,9450.0,Iberostar Estadi,Dámaso Arcediano,Match Report,,19,SP2
Regular season,1.0,Sun,2018-08-19,20:30,Zaragoza,2–1,Majadahonda,18433.0,Estadio de la Romareda,César Soto,Match Report,,19,SP2
Regular season,1.0,Sun,2018-08-19,21:00,Las Palmas,2–0,Reus,12408.0,Estadio de Gran Canaria,Luis Milla,Match Report,,19,SP2
Regular season,1.0,Mon,2018-08-20,20:00,Gimnàstic,1–1,Tenerife,5483.0,Nou Estadi de Tarragona,Saúl Ais,Match Report,,19,SP2
,,,,,,,,,,,,,19,SP2
Regular season,2.0,Fri,2018-08-24,22:00,Extremadura,0–1,La Coruña,10827.0,Estadio Francisco de la Hera,Oliver De La Fuente,Match Report,,19,SP2
Regular season,2.0,Fri,2018-08-24,22:00,Málaga,1–0,Alcorcón,18626.0,Estadio La Rosaleda,Juan Pulido,Match Report,,19,SP2
Regular season,2.0,Sat,2018-08-25,19:00,Numancia,1–1,Cádiz,3251.0,Nuevo Estadio Los Pajaritos,Iñaki Bikandi,Match Report,,19,SP2
Regular season,2.0,Sat,2018-08-25,19:00,Reus,0–0,Zaragoza,6397.0,Estadio Camp Nou Municipal,José López,Match Report,,19,SP2
Regular season,2.0,Sat,2018-08-25,19:30,Las Palmas,1–1,Albacete,12457.0,Estadio de Gran Canaria,Rubén Ávalos,Match Report,,19,SP2
Regular season,2.0,Sat,2018-08-25,22:00,Córdoba,2–4,Oviedo,12754.0,Estadio Nuevo Arcángel,Gorka Sagues,Match Report,,19,SP2
Regular season,2.0,Sun,2018-08-26,19:00,Sporting Gijón,2–0,Gimnàstic,21586.0,Estadio Municipal El Molinón,David Pérez,Match Report,,19,SP2
Regular season,2.0,Sun,2018-08-26,19:30,Osasuna,1–1,Elche,14064.0,Estadio El Sadar,Daniel Ocón,Match Report,,19,SP2
Regular season,2.0,Sun,2018-08-26,20:30,Granada,1–1,Lugo,8307.0,Estadio Nuevo Los Cármenes,Aitor Gorostegui,Match Report,,19,SP2
Regular season,2.0,Sun,2018-08-26,22:00,Almería,1–1,Tenerife,6737.0,Estadio de los Juegos Mediterráneos,Isidro Díaz de Mera,Match Report,,19,SP2
Regular season,2.0,Mon,2018-08-27,20:00,Majadahonda,0–1,Mallorca,3424.0,Miniestadio Cerro del Espino,Abraham Domínguez,Match Report,,19,SP2
,,,,,,,,,,,,,19,SP2
Regular season,3.0,Fri,2018-08-31,20:00,Alcorcón,1–0,Mallorca,2428.0,Estadio Santo Domingo,Víctor Areces,Match Report,,19,SP2
Regular season,3.0,Sat,2018-09-01,16:00,Lugo,3–2,Numancia,2682.0,Estadio Anxo Carro,Luis Milla,Match Report,,19,SP2
Regular season,3.0,Sat,2018-09-01,18:00,Elche,0–2,Reus,10657.0,Estadio Manuel Martínez Valero,Javier Villanueva,Match Report,,19,SP2
Regular season,3.0,Sat,2018-09-01,18:00,Zaragoza,1–1,Las Palmas,22292.0,Estadio de la Romareda,Aitor Gorostegui,Match Report,,19,SP2
Regular season,3.0,Sat,2018-09-01,19:00,Cádiz,1–1,Oviedo,13888.0,Estadio Ramón de Carranza,Dámaso Arcediano,Match Report,,19,SP2
Regular season,3.0,Sat,2018-09-01,19:30,Tenerife,2–2,La Coruña,12139.0,Estadio Heliodoro Rodríguez Lopéz,Jorge Figueroa,Match Report,,19,SP2
Regular season,3.0,Sun,2018-09-02,12:00,Gimnàstic,0–1,Majadahonda,4854.0,Nou Estadi de Tarragona,Santiago Varón,Match Report,,19,SP2
Regular season,3.0,Sun,2018-09-02,16:00,Sporting Gijón,2–0,Extremadura,20652.0,Estadio Municipal El Molinón,César Soto,Match Report,,19,SP2
Regular season,3.0,Sun,2018-09-02,20:00,Albacete,3–0,Córdoba,7735.0,Estadio Carlos Belmonte,Álvaro Moreno,Match Report,,19,SP2
Regular season,3.0,Sun,2018-09-02,21:00,Granada,2–0,Osasuna,8713.0,Estadio Nuevo Los Cármenes,Daniel Trujillo,Match Report,,19,SP2
Regular season,3.0,Mon,2018-09-03,21:00,Almería,0–1,Málaga,8955.0,Estadio de los Juegos Mediterráneos,Valentín Pizarro,Match Report,,19,SP2
,,,,,,,,,,,,,19,SP2
Regular season,4.0,Fri,2018-09-07,19:00,Las Palmas,4–0,Gimnàstic,12119.0,Estadio Insular,Abraham Domínguez,Match Report,,19,SP2
Regular season,4.0,Fri,2018-09-07,21:00,Mallorca,1–0,Cádiz,8907.0,Iberostar Estadi,Isidro Díaz de Mera,Match Report,,19,SP2
Regular season,4.0,Sat,2018-09-08,16:00,Osasuna,3–1,Almería,12765.0,Estadio El Sadar,David Pérez,Match Report,,19,SP2
Regular season,4.0,Sat,2018-09-08,18:00,Málaga,1–0,Tenerife,15408.0,Estadio La Rosaleda,Iñaki Bikandi,Match Report,,19,SP2
Regular season,4.0,Sat,2018-09-08,18:00,Oviedo,0–4,Zaragoza,13770.0,Estadio Nuevo Carlos Tartiere,Daniel Ocón,Match Report,,19,SP2
Regular season,4.0,Sun,2018-09-09,12:00,Reus,1–2,Albacete,2230.0,Estadio Camp Nou Municipal,Saúl Ais,Match Report,,19,SP2
Regular season,4.0,Sun,2018-09-09,16:00,Numancia,1–0,Elche,2855.0,Nuevo Estadio Los Pajaritos,Álvaro Moreno,Match Report,,19,SP2
Regular season,4.0,Sun,2018-09-09,18:00,Extremadura,1–3,Granada,9343.0,Estadio Francisco de la Hera,José López,Match Report,,19,SP2
Regular season,4.0,Sun,2018-09-09,20:00,Córdoba,0–0,Alcorcón,12312.0,Estadio Nuevo Arcángel,Oliver De La Fuente,Match Report,,19,SP2
Regular season,4.0,Sun,2018-09-09,20:45,La Coruña,1–0,Sporting Gijón,15908.0,Estadio Municipal de Riazor,Gorka Sagues,Match Report,,19,SP2
Regular season,4.0,Mon,2018-09-10,20:00,Majadahonda,1–0,Lugo,3370.0,Miniestadio Cerro del Espino,Juan Pulido,Match Report,,19,SP2
,,,,,,,,,,,,,19,SP2
Regular season,5.0,Sat,2018-09-15,16:00,Gimnàstic,1–0,Osasuna,4576.0,Nou Estadi de Tarragona,Javier Villanueva,Match Report,,19,SP2
Regular season,5.0,Sat,2018-09-15,17:00,Tenerife,0–1,Reus,9532.0,Estadio Heliodoro Rodríguez Lopéz,Dámaso Arcediano,Match Report,,19,SP2
Regular season,5.0,Sat,2018-09-15,18:00,Málaga,3–0,Córdoba,19047.0,Estadio La Rosaleda,Santiago Varón,Match Report,,19,SP2
Regular season,5.0,Sat,2018-09-15,20:00,Alcorcón,1–0,La Coruña,3233.0,Estadio Santo Domingo,Aitor Gorostegui,Match Report,,19,SP2
Regular season,5.0,Sun,2018-09-16,12:00,Elche,1–1,Mallorca,10817.0,Estadio Manuel Martínez Valero,Luis Milla,Match Report,,19,SP2
Regular season,5.0,Sun,2018-09-16,16:00,Lugo,0–2,Oviedo,4508.0,Estadio Anxo Carro,Valentín Pizarro,Match Report,,19,SP2
Regular season,5.0,Sun,2018-09-16,18:00,Extremadura,1–2,Las Palmas,9710.0,Estadio Francisco de la Hera,Jorge Figueroa,Match Report,,19,SP2
Regular season,5.0,Sun,2018-09-16,18:30,Almería,2–1,Zaragoza,7251.0,Estadio de los Juegos Mediterráneos,Víctor Areces,Match Report,,19,SP2
Regular season,5.0,Sun,2018-09-16,20:00,Granada,3–0,Majadahonda,9077.0,Estadio Nuevo Los Cármenes,Rubén Ávalos,Match Report,,19,SP2
Regular season,5.0,Sun,2018-09-16,20:30,Sporting Gijón,1–1,Numancia,19240.0,Estadio Municipal El Molinón,Daniel Trujillo,Match Report,,19,SP2
Regular season,5.0,Mon,2018-09-17,20:00,Albacete,1–1,Cádiz,6770.0,Estadio Carlos Belmonte,César Soto,Match Report,,19,SP2
,,,,,,,,,,,,,19,SP2
Regular season,6.0,Sat,2018-09-22,16:00,Osasuna,1–0,Sporting Gijón,13354.0,Estadio El Sadar,Isidro Díaz de Mera,Match Report,,19,SP2
Regular season,6.0,Sat,2018-09-22,18:00,Majadahonda,1–4,Extremadura,5352.0,Estadio Wanda Metropolitano,Iñaki Bikandi,Match Report,,19,SP2
Regular season,6.0,Sat,2018-09-22,18:00,Zaragoza,0–2,Lugo,23111.0,Estadio de la Romareda,Saúl Ais,Match Report,,19,SP2
Regular season,6.0,Sat,2018-09-22,20:30,Córdoba,1–1,Tenerife,11085.0,Estadio Nuevo Arcángel,David Pérez,Match Report,,19,SP2
Regular season,6.0,Sun,2018-09-23,12:00,Mallorca,1–3,Albacete,7682.0,Iberostar Estadi,Gorka Sagues,Match Report,,19,SP2
Regular season,6.0,Sun,2018-09-23,16:00,Oviedo,1–1,Elche,14008.0,Estadio Nuevo Carlos Tartiere,Abraham Domínguez,Match Report,,19,SP2
Regular season,6.0,Sun,2018-09-23,17:00,Las Palmas,1–0,Málaga,21350.0,Estadio de Gran Canaria,Daniel Ocón,Match Report,,19,SP2
Regular season,6.0,Sun,2018-09-23,18:00,Numancia,0–2,Almería,3159.0,Nuevo Estadio Los Pajaritos,César Soto,Match Report,,19,SP2
Regular season,6.0,Sun,2018-09-23,18:00,Reus,1–1,Gimnàstic,4195.0,Estadio Camp Nou Municipal,Oliver De La Fuente,Match Report,,19,SP2
Regular season,6.0,Sun,2018-09-23,20:00,Cádiz,0–2,Alcorcón,13207.0,Estadio Ramón de Carranza,José López,Match Report,,19,SP2
Regular season,6.0,Mon,2018-09-24,21:00,La Coruña,2–1,Granada,13716.0,Estadio Municipal de Riazor,Álvaro Moreno,Match Report,,19,SP2
,,,,,,,,,,,,,19,SP2
Regular season,7.0,Fri,2018-09-28,21:00,Albacete,2–2,Zaragoza,8246.0,Estadio Carlos Belmonte,Daniel Trujillo,Match Report,,19,SP2
Regular season,7.0,Sat,2018-09-29,16:00,Lugo,1–1,Mallorca,3100.0,Estadio Anxo Carro,Rubén Ávalos,Match Report,,19,SP2
Regular season,7.0,Sat,2018-09-29,18:00,Sporting Gijón,1–0,Las Palmas,20576.0,Estadio Municipal El Molinón,Dámaso Arcediano,Match Report,,19,SP2
Regular season,7.0,Sat,2018-09-29,18:00,Granada,4–2,Córdoba,9931.0,Estadio Nuevo Los Cármenes,Valentín Pizarro,Match Report,,19,SP2
Regular season,7.0,Sat,2018-09-29,19:30,Tenerife,1–0,Cádiz,10013.0,Estadio Heliodoro Rodríguez Lopéz,Aitor Gorostegui,Match Report,,19,SP2
Regular season,7.0,Sun,2018-09-30,12:00,Alcorcón,2–0,Oviedo,3393.0,Estadio Santo Domingo,Luis Milla,Match Report,,19,SP2
Regular season,7.0,Sun,2018-09-30,16:00,Málaga,1–0,Majadahonda,18365.0,Estadio La Rosaleda,Javier Villanueva,Match Report,,19,SP2
Regular season,7.0,Sun,2018-09-30,18:00,Osasuna,0–0,Numancia,14392.0,Estadio El Sadar,Jorge Figueroa,Match Report,,19,SP2
Regular season,7.0,Sun,2018-09-30,18:00,Almería,2–0,Reus,7543.0,Estadio de los Juegos Mediterráneos,Juan Pulido,Match Report,,19,SP2
Regular season,7.0,Sun,2018-09-30,20:00,Extremadura,2–2,Elche,9723.0,Estadio Francisco de la Hera,Santiago Varón,Match Report,,19,SP2
Regular season,7.0,Sun,2018-09-30,20:30,Gimnàstic,1–3,La Coruña,5790.0,Nou Estadi de Tarragona,Víctor Areces,Match Report,,19,SP2
,,,,,,,,,,,,,19,SP2
Regular season,8.0,Sat,2018-10-06,16:00,Mallorca,4–1,Tenerife,7404.0,Iberostar Estadi,Daniel Ocón,Match Report,,19,SP2
Regular season,8.0,Sat,2018-10-06,18:00,Numancia,1–0,Extremadura,3053.0,Nuevo Estadio Los Pajaritos,Abraham Domínguez,Match Report,,19,SP2
Regular season,8.0,Sat,2018-10-06,19:30,Las Palmas,0–0,Alcorcón,13718.0,Estadio de Gran Canaria,Iñaki Bikandi,Match Report,,19,SP2
Regular season,8.0,Sat,2018-10-06,20:00,Córdoba,1–0,Almería,11284.0,Estadio Nuevo Arcángel,Álvaro Moreno,Match Report,,19,SP2
Regular season,8.0,Sun,2018-10-07,12:00,Reus,1–2,Granada,2475.0,Estadio Camp Nou Municipal,David Pérez,Match Report,,19,SP2
Regular season,8.0,Sun,2018-10-07,16:00,Oviedo,1–0,Albacete,12728.0,Estadio Nuevo Carlos Tartiere,Oliver De La Fuente,Match Report,,19,SP2
Regular season,8.0,Sun,2018-10-07,18:00,La Coruña,1–1,Málaga,18296.0,Estadio Municipal de Riazor,Isidro Díaz de Mera,Match Report,,19,SP2
Regular season,8.0,Sun,2018-10-07,18:00,Elche,2–1,Lugo,10679.0,Estadio Manuel Martínez Valero,César Soto,Match Report,,19,SP2
Regular season,8.0,Sun,2018-10-07,20:00,Cádiz,1–1,Gimnàstic,12450.0,Estadio Ramón de Carranza,Saúl Ais,Match Report,,19,SP2
Regular season,8.0,Mon,2018-10-08,20:00,Majadahonda,2–1,Sporting Gijón,4508.0,Estadio Wanda Metropolitano,José López,Match Report,,19,SP2
Regular season,8.0,Mon,2018-10-08,21:00,Zaragoza,1–1,Osasuna,23850.0,Estadio de la Romareda,Gorka Sagues,Match Report,,19,SP2
,,,,,,,,,,,,,19,SP2
Regular season,9.0,Fri,2018-10-12,16:00,Málaga,2–1,Albacete,18709.0,Estadio La Rosaleda,Aitor Gorostegui,Match Report,,19,SP2
Regular season,9.0,Fri,2018-10-12,18:00,Extremadura,2–1,Cádiz,11023.0,Estadio Francisco de la Hera,Rubén Ávalos,Match Report,,19,SP2
Regular season,9.0,Fri,2018-10-12,21:00,La Coruña,4–0,Elche,17092.0,Estadio Municipal de Riazor,Valentín Pizarro,Match Report,,19,SP2
Regular season,9.0,Sat,2018-10-13,16:00,Osasuna,3–1,Córdoba,12996.0,Estadio El Sadar,Víctor Areces,Match Report,,19,SP2
Regular season,9.0,Sat,2018-10-13,18:00,Sporting Gijón,1–1,Reus,19026.0,Estadio Municipal El Molinón,Santiago Varón,Match Report,,19,SP2
Regular season,9.0,Sat,2018-10-13,20:30,Almería,3–0,Las Palmas,7339.0,Estadio de los Juegos Mediterráneos,Javier Villanueva,Match Report,,19,SP2
Regular season,9.0,Sat,2018-10-13,20:30,Numancia,1–0,Zaragoza,4953.0,Nuevo Estadio Los Pajaritos,Dámaso Arcediano,Match Report,,19,SP2
Regular season,9.0,Sun,2018-10-14,12:00,Tenerife,0–0,Lugo,10044.0,Estadio Heliodoro Rodríguez Lopéz,Luis Milla,Match Report,,19,SP2
Regular season,9.0,Sun,2018-10-14,16:00,Majadahonda,1–0,Oviedo,7217.0,Estadio Wanda Metropolitano,Jorge Figueroa,Match Report,,19,SP2
Regular season,9.0,Sun,2018-10-14,20:45,Granada,1–0,Mallorca,9454.0,Estadio Nuevo Los Cármenes,Juan Pulido,Match Report,,19,SP2
Regular season,9.0,Mon,2018-10-15,16:00,Gimnàstic,1–3,Alcorcón,3505.0,Nou Estadi de Tarragona,Daniel Trujillo,Match Report,,19,SP2
,,,,,,,,,,,,,19,SP2
Regular season,10.0,Fri,2018-10-19,21:00,Elche,2–0,Málaga,9565.0,Estadio Manuel Martínez Valero,Juan Pulido,Match Report,,19,SP2
Regular season,10.0,Sat,2018-10-20,16:00,Oviedo,2–1,Osasuna,12325.0,Estadio Nuevo Carlos Tartiere,Iñaki Bikandi,Match Report,,19,SP2
Regular season,10.0,Sat,2018-10-20,17:00,Las Palmas,3–0,Numancia,13413.0,Estadio de Gran Canaria,Gorka Sagues,Match Report,,19,SP2
Regular season,10.0,Sat,2018-10-20,18:00,Alcorcón,1–0,Granada,3020.0,Estadio Santo Domingo,Isidro Díaz de Mera,Match Report,,19,SP2
Regular season,10.0,Sat,2018-10-20,20:00,Córdoba,1–1,La Coruña,10604.0,Estadio Nuevo Arcángel,Saúl Ais,Match Report,,19,SP2
Regular season,10.0,Sun,2018-10-21,12:00,Mallorca,1–1,Extremadura,8100.0,Iberostar Estadi,Álvaro Moreno,Match Report,,19,SP2
Regular season,10.0,Sun,2018-10-21,16:00,Lugo,1–0,Gimnàstic,3161.0,Estadio Anxo Carro,José López,Match Report,,19,SP2
Regular season,10.0,Sun,2018-10-21,18:00,Reus,2–1,Majadahonda,2345.0,Estadio Camp Nou Municipal,Abraham Domínguez,Match Report,,19,SP2
Regular season,10.0,Sun,2018-10-21,18:00,Albacete,1–1,Almería,8075.0,Estadio Carlos Belmonte,Daniel Ocón,Match Report,,19,SP2
Regular season,10.0,Sun,2018-10-21,20:00,Zaragoza,1–1,Tenerife,21887.0,Estadio de la Romareda,Oliver De La Fuente,Match Report,,19,SP2
Regular season,10.0,Sun,2018-10-21,20:30,Cádiz,0–0,Sporting Gijón,11703.0,Estadio Ramón de Carranza,César Soto,Match Report,,19,SP2
,,,,,,,,,,,,,19,SP2
Regular season,11.0,Fri,2018-10-26,21:00,Sporting Gijón,0–0,Córdoba,16282.0,Estadio Municipal El Molinón,Javier Villanueva,Match Report,,19,SP2
Regular season,11.0,Sat,2018-10-27,16:00,La Coruña,2–0,Reus,15482.0,Estadio Municipal de Riazor,Daniel Trujillo,Match Report,,19,SP2
Regular season,11.0,Sat,2018-10-27,18:00,Mallorca,2–2,Las Palmas,5835.0,Iberostar Estadi,David Pérez,Match Report,,19,SP2
Regular season,11.0,Sat,2018-10-27,18:00,Granada,1–0,Almería,10228.0,Estadio Nuevo Los Cármenes,Dámaso Arcediano,Match Report,,19,SP2
Regular season,11.0,Sat,2018-10-27,19:30,Tenerife,3–2,Alcorcón,8964.0,Estadio Heliodoro Rodríguez Lopéz,Rubén Ávalos,Match Report,,19,SP2
Regular season,11.0,Sat,2018-10-27,20:30,Lugo,1–2,Cádiz,3774.0,Estadio Anxo Carro,Daniel Ocón,Match Report,,19,SP2
Regular season,11.0,Sun,2018-10-28,12:00,Gimnàstic,2–1,Oviedo,4631.0,Nou Estadi de Tarragona,Aitor Gorostegui,Match Report,,19,SP2
Regular season,11.0,Sun,2018-10-28,18:00,Majadahonda,1–1,Osasuna,2482.0,Estadio Wanda Metropolitano,Luis Milla,Match Report,,19,SP2
Regular season,11.0,Sun,2018-10-28,18:00,Extremadura,1–2,Albacete,8673.0,Estadio Francisco de la Hera,Víctor Areces,Match Report,,19,SP2
Regular season,11.0,Sun,2018-10-28,20:30,Elche,2–0,Zaragoza,9342.0,Estadio Manuel Martínez Valero,Jorge Figueroa,Match Report,,19,SP2
Regular season,11.0,Mon,2018-10-29,21:00,Málaga,2–0,Numancia,14554.0,Estadio La Rosaleda,Valentín Pizarro,Match Report,,19,SP2
,,,,,,,,,,,,,19,SP2
Regular season,12.0,Fri,2018-11-02,21:00,Albacete,2–0,Gimnàstic,7099.0,Estadio Carlos Belmonte,Santiago Varón,Match Report,,19,SP2
Regular season,12.0,Sat,2018-11-03,16:00,Reus,0–0,Lugo,2420.0,Estadio Camp Nou Municipal,Álvaro Moreno,Match Report,,19,SP2
Regular season,12.0,Sat,2018-11-03,18:00,Osasuna,2–1,Málaga,14052.0,Estadio El Sadar,Oliver De La Fuente,Match Report,,19,SP2
Regular season,12.0,Sat,2018-11-03,18:00,Numancia,2–0,Tenerife,3191.0,Nuevo Estadio Los Pajaritos,Víctor Areces,Match Report,,19,SP2
Regular season,12.0,Sat,2018-11-03,19:30,Las Palmas,1–1,La Coruña,15499.0,Estadio de Gran Canaria,César Soto,Match Report,,19,SP2
Regular season,12.0,Sat,2018-11-03,20:00,Córdoba,4–2,Extremadura,12079.0,Estadio Nuevo Arcángel,Juan Pulido,Match Report,,19,SP2
Regular season,12.0,Sun,2018-11-04,12:00,Cádiz,5–1,Elche,12714.0,Estadio Ramón de Carranza,Gorka Sagues,Match Report,,19,SP2
Regular season,12.0,Sun,2018-11-04,16:00,Oviedo,1–1,Mallorca,13038.0,Estadio Nuevo Carlos Tartiere,José López,Match Report,,19,SP2
Regular season,12.0,Sun,2018-11-04,18:00,Almería,2–1,Sporting Gijón,7424.0,Estadio de los Juegos Mediterráneos,Saúl Ais,Match Report,,19,SP2
Regular season,12.0,Sun,2018-11-04,18:00,Alcorcón,2–0,Majadahonda,3148.0,Estadio Santo Domingo,David Pérez,Match Report,,19,SP2
Regular season,12.0,Sun,2018-11-04,20:30,Zaragoza,0–2,Granada,19326.0,Estadio de la Romareda,Iñaki Bikandi,Match Report,,19,SP2
,,,,,,,,,,,,,19,SP2
Regular season,13.0,Sat,2018-11-10,16:00,Cádiz,2–0,Reus,13229.0,Estadio Ramón de Carranza,Valentín Pizarro,Match Report,,19,SP2
Regular season,13.0,Sat,2018-11-10,18:00,Lugo,0–1,Alcorcón,2920.0,Estadio Anxo Carro,Jorge Figueroa,Match Report,,19,SP2
Regular season,13.0,Sat,2018-11-10,18:00,Extremadura,2–3,Osasuna,8237.0,Estadio Francisco de la Hera,Dámaso Arcediano,Match Report,,19,SP2
Regular season,13.0,Sat,2018-11-10,20:30,Elche,0–0,Las Palmas,9740.0,Estadio Manuel Martínez Valero,Isidro Díaz de Mera,Match Report,,19,SP2
Regular season,13.0,Sat,2018-11-10,20:30,La Coruña,4–0,Oviedo,18739.0,Estadio Municipal de Riazor,Daniel Ocón,Match Report,,19,SP2
Regular season,13.0,Sun,2018-11-11,12:00,Granada,0–0,Numancia,13227.0,Estadio Nuevo Los Cármenes,Javier Villanueva,Match Report,,19,SP2
Regular season,13.0,Sun,2018-11-11,16:00,Majadahonda,2–0,Almería,2216.0,Estadio Wanda Metropolitano,Aitor Gorostegui,Match Report,,19,SP2
Regular season,13.0,Sun,2018-11-11,18:00,Mallorca,3–0,Córdoba,7989.0,Iberostar Estadi,Daniel Trujillo,Match Report,,19,SP2
Regular season,13.0,Sun,2018-11-11,18:00,Sporting Gijón,2–2,Málaga,18720.0,Estadio Municipal El Molinón,Gorka Sagues,Match Report,,19,SP2
Regular season,13.0,Sun,2018-11-11,19:00,Tenerife,0–0,Albacete,10528.0,Estadio Heliodoro Rodríguez Lopéz,Abraham Domínguez,Match Report,,19,SP2
Regular season,13.0,Mon,2018-11-12,21:00,Gimnàstic,1–3,Zaragoza,4348.0,Nou Estadi de Tarragona,Luis Milla,Match Report,,19,SP2
,,,,,,,,,,,,,19,SP2
Regular season,14.0,Fri,2018-11-16,20:00,Las Palmas,2–2,Granada,12056.0,Estadio de Gran Canaria,Víctor Areces,Match Report,,19,SP2
Regular season,14.0,Sat,2018-11-17,16:00,Málaga,2–0,Gimnàstic,17256.0,Estadio La Rosaleda,Álvaro Moreno,Match Report,,19,SP2
Regular season,14.0,Sat,2018-11-17,18:00,Osasuna,2–0,Tenerife,14182.0,Estadio El Sadar,José López,Match Report,,19,SP2
Regular season,14.0,Sat,2018-11-17,18:00,Reus,1–4,Extremadura,2932.0,Estadio Camp Nou Municipal,Santiago Varón,Match Report,,19,SP2
Regular season,14.0,Sat,2018-11-17,20:30,Zaragoza,2–2,Mallorca,21461.0,Estadio de la Romareda,Saúl Ais,Match Report,,19,SP2
Regular season,14.0,Sat,2018-11-17,20:45,Oviedo,2–1,Sporting Gijón,23175.0,Estadio Nuevo Carlos Tartiere,Daniel Trujillo,Match Report,,19,SP2
Regular season,14.0,Sun,2018-11-18,12:00,Numancia,1–2,Majadahonda,2953.0,Nuevo Estadio Los Pajaritos,Juan Pulido,Match Report,,19,SP2
Regular season,14.0,Sun,2018-11-18,16:00,Córdoba,1–3,Cádiz,13727.0,Estadio Nuevo Arcángel,David Pérez,Match Report,,19,SP2
Regular season,14.0,Sun,2018-11-18,18:00,Alcorcón,1–0,Elche,2171.0,Estadio Santo Domingo,César Soto,Match Report,,19,SP2
Regular season,14.0,Sun,2018-11-18,18:00,Albacete,1–0,Lugo,6405.0,Estadio Carlos Belmonte,Iñaki Bikandi,Match Report,,19,SP2
Regular season,14.0,Mon,2018-11-19,21:00,Almería,1–1,La Coruña,5977.0,Estadio de los Juegos Mediterráneos,Rubén Ávalos,Match Report,,19,SP2
,,,,,,,,,,,,,19,SP2
Regular season,15.0,Fri,2018-11-23,21:00,Granada,1–2,Sporting Gijón,10035.0,Estadio Nuevo Los Cármenes,Daniel Ocón,Match Report,,19,SP2
Regular season,15.0,Sat,2018-11-24,16:00,Gimnàstic,2–2,Almería,6514.0,Nou Estadi de Tarragona,Valentín Pizarro,Match Report,,19,SP2
Regular season,15.0,Sat,2018-11-24,18:00,Lugo,2–1,Córdoba,2639.0,Estadio Anxo Carro,Dámaso Arcediano,Match Report,,19,SP2
Regular season,15.0,Sat,2018-11-24,18:00,La Coruña,2–0,Osasuna,13511.0,Estadio Municipal de Riazor,Aitor Gorostegui,Match Report,,19,SP2
Regular season,15.0,Sat,2018-11-24,20:30,Cádiz,4–1,Las Palmas,12517.0,Estadio Ramón de Carranza,Oliver De La Fuente,Match Report,,19,SP2
Regular season,15.0,Sun,2018-11-25,12:00,Mallorca,1–0,Numancia,7328.0,Iberostar Estadi,Abraham Domínguez,Match Report,,19,SP2
Regular season,15.0,Sun,2018-11-25,16:00,Extremadura,1–0,Málaga,7707.0,Estadio Francisco de la Hera,Javier Villanueva,Match Report,,19,SP2
Regular season,15.0,Sun,2018-11-25,18:00,Oviedo,3–0,Reus,15017.0,Estadio Nuevo Carlos Tartiere,Jorge Figueroa,Match Report,,19,SP2
Regular season,15.0,Sun,2018-11-25,18:00,Elche,0–1,Albacete,12867.0,Estadio Manuel Martínez Valero,Luis Milla,Match Report,,19,SP2
Regular season,15.0,Sun,2018-11-25,19:00,Tenerife,2–1,Majadahonda,11775.0,Estadio Heliodoro Rodríguez Lopéz,Isidro Díaz de Mera,Match Report,,19,SP2
Regular season,15.0,Sun,2018-11-25,20:30,Alcorcón,2–0,Zaragoza,2908.0,Estadio Santo Domingo,Gorka Sagues,Match Report,,19,SP2
,,,,,,,,,,,,,19,SP2
Regular season,16.0,Fri,2018-11-30,21:00,Zaragoza,0–1,Cádiz,17950.0,Estadio de la Romareda,Víctor Areces,Match Report,,19,SP2
Regular season,16.0,Sat,2018-12-01,16:00,Córdoba,1–1,Elche,9875.0,Estadio Nuevo Arcángel,José López,Match Report,,19,SP2
Regular season,16.0,Sat,2018-12-01,18:00,Málaga,0–1,Granada,22988.0,Estadio La Rosaleda,César Soto,Match Report,,19,SP2
Regular season,16.0,Sat,2018-12-01,18:00,Reus,0–2,Mallorca,2619.0,Estadio Camp Nou Municipal,Iñaki Bikandi,Match Report,,19,SP2
Regular season,16.0,Sat,2018-12-01,20:00,Almería,1–1,Extremadura,6232.0,Estadio de los Juegos Mediterráneos,David Pérez,Match Report,,19,SP2
Regular season,16.0,Sat,2018-12-01,20:30,Sporting Gijón,2–1,Tenerife,19035.0,Estadio Municipal El Molinón,Rubén Ávalos,Match Report,,19,SP2
Regular season,16.0,Sun,2018-12-02,12:00,Majadahonda,0–0,La Coruña,2812.0,Miniestadio Cerro del Espino,Daniel Trujillo,Match Report,,19,SP2
Regular season,16.0,Sun,2018-12-02,16:00,Osasuna,1–0,Lugo,13301.0,Estadio El Sadar,Santiago Varón,Match Report,,19,SP2
Regular season,16.0,Sun,2018-12-02,18:00,Albacete,2–1,Alcorcón,10470.0,Estadio Carlos Belmonte,Juan Pulido,Match Report,,19,SP2
Regular season,16.0,Sun,2018-12-02,18:00,Numancia,3–0,Gimnàstic,3002.0,Nuevo Estadio Los Pajaritos,Saúl Ais,Match Report,,19,SP2
Regular season,16.0,Sun,2018-12-02,19:30,Las Palmas,0–0,Oviedo,11612.0,Estadio de Gran Canaria,Álvaro Moreno,Match Report,,19,SP2
,,,,,,,,,,,,,19,SP2
Regular season,17.0,Fri,2018-12-07,20:00,Tenerife,0–0,Extremadura,9275.0,Estadio Heliodoro Rodríguez Lopéz,Oliver De La Fuente,Match Report,,19,SP2
Regular season,17.0,Sat,2018-12-08,13:00,La Coruña,2–2,Numancia,15576.0,Estadio Municipal de Riazor,Dámaso Arcediano,Match Report,,19,SP2
Regular season,17.0,Sat,2018-12-08,16:00,Gimnàstic,0–1,Granada,8625.0,Nou Estadi de Tarragona,Gorka Sagues,Match Report,,19,SP2
Regular season,17.0,Sat,2018-12-08,18:00,Mallorca,1–2,Málaga,9463.0,Iberostar Estadi,Aitor Gorostegui,Match Report,,19,SP2
Regular season,17.0,Sat,2018-12-08,18:00,Albacete,2–2,Osasuna,9602.0,Estadio Carlos Belmonte,Jorge Figueroa,Match Report,,19,SP2
Regular season,17.0,Sat,2018-12-08,20:00,Oviedo,1–2,Almería,12408.0,Estadio Nuevo Carlos Tartiere,Javier Villanueva,Match Report,,19,SP2
Regular season,17.0,Sun,2018-12-09,12:00,Alcorcón,0–1,Reus,3236.0,Estadio Santo Domingo,Saúl Ais,Match Report,,19,SP2
Regular season,17.0,Sun,2018-12-09,16:00,Cádiz,1–0,Majadahonda,13258.0,Estadio Ramón de Carranza,Daniel Ocón,Match Report,,19,SP2
Regular season,17.0,Sun,2018-12-09,18:00,Elche,0–0,Sporting Gijón,10156.0,Estadio Manuel Martínez Valero,Valentín Pizarro,Match Report,,19,SP2
Regular season,17.0,Sun,2018-12-09,20:00,Lugo,4–2,Las Palmas,2864.0,Estadio Anxo Carro,Luis Milla,Match Report,,19,SP2
Regular season,17.0,Sun,2018-12-09,20:30,Zaragoza,0–0,Córdoba,16296.0,Estadio de la Romareda,Isidro Díaz de Mera,Match Report,,19,SP2
,,,,,,,,,,,,,19,SP2
Regular season,18.0,Fri,2018-12-14,21:00,Málaga,1–0,Cádiz,17650.0,Estadio La Rosaleda,Daniel Trujillo,Match Report,,19,SP2
Regular season,18.0,Sat,2018-12-15,16:00,Granada,1–0,Oviedo,10373.0,Estadio Nuevo Los Cármenes,David Pérez,Match Report,,19,SP2
Regular season,18.0,Sat,2018-12-15,18:00,Reus,1–1,Córdoba,3820.0,Estadio Camp Nou Municipal,Santiago Varón,Match Report,,19,SP2
Regular season,18.0,Sat,2018-12-15,18:00,Numancia,1–2,Albacete,2884.0,Nuevo Estadio Los Pajaritos,José López,Match Report,,19,SP2
Regular season,18.0,Sat,2018-12-15,20:00,Sporting Gijón,1–0,Mallorca,18170.0,Estadio Municipal El Molinón,Álvaro Moreno,Match Report,,19,SP2
Regular season,18.0,Sun,2018-12-16,12:00,Majadahonda,1–3,Elche,1764.0,Miniestadio Cerro del Espino,Rubén Ávalos,Match Report,,19,SP2
Regular season,18.0,Sun,2018-12-16,16:00,Osasuna,2–1,Alcorcón,13437.0,Estadio El Sadar,Víctor Areces,Match Report,,19,SP2
Regular season,18.0,Sun,2018-12-16,17:00,Las Palmas,1–1,Tenerife,19190.0,Estadio de Gran Canaria,Gorka Sagues,Match Report,,19,SP2
Regular season,18.0,Sun,2018-12-16,18:00,Extremadura,0–1,Gimnàstic,10704.0,Estadio Francisco de la Hera,Iñaki Bikandi,Match Report,,19,SP2
Regular season,18.0,Sun,2018-12-16,20:00,Almería,1–1,Lugo,6160.0,Estadio de los Juegos Mediterráneos,César Soto,Match Report,,19,SP2
Regular season,18.0,Sun,2018-12-16,20:30,La Coruña,3–1,Zaragoza,14276.0,Estadio Municipal de Riazor,Juan Pulido,Match Report,,19,SP2
,,,,,,,,,,,,,19,SP2
Regular season,19.0,Fri,2018-12-21,18:00,Tenerife,1–1,Granada,8952.0,Estadio Heliodoro Rodríguez Lopéz,Valentín Pizarro,Match Report,,19,SP2
Regular season,19.0,Fri,2018-12-21,21:00,Mallorca,2–0,Gimnàstic,5988.0,Iberostar Estadi,Jorge Figueroa,Match Report,,19,SP2
Regular season,19.0,Sat,2018-12-22,13:00,Lugo,0–0,Sporting Gijón,5515.0,Estadio Anxo Carro,Aitor Gorostegui,Match Report,,19,SP2
Regular season,19.0,Sat,2018-12-22,16:00,Oviedo,0–0,Málaga,12376.0,Estadio Nuevo Carlos Tartiere,Dámaso Arcediano,Match Report,,19,SP2
Regular season,19.0,Sat,2018-12-22,18:00,Zaragoza,2–1,Extremadura,23222.0,Estadio de la Romareda,Daniel Ocón,Match Report,,19,SP2
Regular season,19.0,Sat,2018-12-22,20:00,Elche,2–2,Almería,7454.0,Estadio Manuel Martínez Valero,Oliver De La Fuente,Match Report,,19,SP2
Regular season,19.0,Sat,2018-12-22,20:30,Córdoba,4–1,Las Palmas,8548.0,Estadio Nuevo Arcángel,Javier Villanueva,Match Report,,19,SP2
Regular season,19.0,Sat,2018-12-22,20:45,Cádiz,3–0,La Coruña,14126.0,Estadio Ramón de Carranza,Isidro Díaz de Mera,Match Report,,19,SP2
Regular season,19.0,Sun,2018-12-23,12:00,Reus,0–1,Osasuna,3516.0,Estadio Camp Nou Municipal,Juan Pulido,Match Report,,19,SP2
Regular season,19.0,Sun,2018-12-23,16:00,Albacete,1–0,Majadahonda,10023.0,Estadio Carlos Belmonte,Saúl Ais,Match Report,,19,SP2
Regular season,19.0,Sun,2018-12-23,18:00,Alcorcón,1–1,Numancia,3273.0,Estadio Santo Domingo,Luis Milla,Match Report,,19,SP2
,,,,,,,,,,,,,19,SP2
Regular season,20.0,Fri,2019-01-04,20:00,Tenerife,2–1,Elche,9818.0,Estadio Heliodoro Rodríguez Lopéz,Iñaki Bikandi,Match Report,,19,SP2
Regular season,20.0,Fri,2019-01-04,21:00,Granada,1–1,Albacete,11991.0,Estadio Nuevo Los Cármenes,Víctor Areces,Match Report,,19,SP2
Regular season,20.0,Sat,2019-01-05,16:00,Sporting Gijón,1–2,Zaragoza,22106.0,Estadio Municipal El Molinón,César Soto,Match Report,,19,SP2
Regular season,20.0,Sat,2019-01-05,16:00,Extremadura,3–0,Alcorcón,8890.0,Estadio Francisco de la Hera,Gorka Sagues,Match Report,,19,SP2
Regular season,20.0,Sun,2019-01-06,12:00,Almería,2–0,Mallorca,5796.0,Estadio de los Juegos Mediterráneos,Daniel Trujillo,Match Report,,19,SP2
Regular season,20.0,Sun,2019-01-06,17:30,La Coruña,0–0,Lugo,21516.0,Estadio Municipal de Riazor,Rubén Ávalos,Match Report,,19,SP2
Regular season,20.0,Sun,2019-01-06,18:00,Gimnàstic,1–0,Córdoba,5211.0,Nou Estadi de Tarragona,David Pérez,Match Report,,19,SP2
Regular season,20.0,Sun,2019-01-06,18:00,Osasuna,2–1,Cádiz,14940.0,Estadio El Sadar,Álvaro Moreno,Match Report,,19,SP2
Regular season,20.0,Sun,2019-01-06,20:00,Málaga,0–3,Reus,16058.0,Estadio La Rosaleda,José López,Match Report,,19,SP2
Regular season,20.0,Mon,2019-01-07,18:00,Numancia,2–3,Oviedo,3183.0,Nuevo Estadio Los Pajaritos,Santiago Varón,Match Report,,19,SP2
Regular season,20.0,Mon,2019-01-07,21:00,Majadahonda,0–0,Las Palmas,2932.0,Miniestadio Cerro del Espino,Abraham Domínguez,Match Report,,19,SP2
,,,,,,,,,,,,,19,SP2
Regular season,21.0,Fri,2019-01-11,21:00,Cádiz,0–0,Granada,12538.0,Estadio Ramón de Carranza,Juan Pulido,Match Report,,19,SP2
Regular season,21.0,Sat,2019-01-12,16:00,Albacete,1–1,Sporting Gijón,10837.0,Estadio Carlos Belmonte,Luis Milla,Match Report,,19,SP2
Regular season,21.0,Sat,2019-01-12,17:00,Las Palmas,4–1,Osasuna,11005.0,Estadio de Gran Canaria,Oliver De La Fuente,Match Report,,19,SP2
Regular season,21.0,Sat,2019-01-12,18:00,Reus,1–1,Numancia,2629.0,Estadio Camp Nou Municipal,Daniel Ocón,Match Report,,19,SP2
Regular season,21.0,Sat,2019-01-12,20:30,Oviedo,1–0,Tenerife,11554.0,Estadio Nuevo Carlos Tartiere,Isidro Díaz de Mera,Match Report,,19,SP2
Regular season,21.0,Sat,2019-01-12,20:30,Mallorca,1–0,La Coruña,7593.0,Iberostar Estadi,Saúl Ais,Match Report,,19,SP2
Regular season,21.0,Sun,2019-01-13,12:00,Córdoba,1–1,Majadahonda,10651.0,Estadio Nuevo Arcángel,Dámaso Arcediano,Match Report,,19,SP2
Regular season,21.0,Sun,2019-01-13,16:00,Alcorcón,0–0,Almería,2950.0,Estadio Santo Domingo,Aitor Gorostegui,Match Report,,19,SP2
Regular season,21.0,Sun,2019-01-13,18:00,Lugo,1–1,Extremadura,3019.0,Estadio Anxo Carro,Jorge Figueroa,Match Report,,19,SP2
Regular season,21.0,Sun,2019-01-13,18:00,Zaragoza,0–2,Málaga,24898.0,Estadio de la Romareda,Valentín Pizarro,Match Report,,19,SP2
Regular season,21.0,Sun,2019-01-13,20:00,Elche,1–0,Gimnàstic,7248.0,Estadio Manuel Martínez Valero,Javier Villanueva,Match Report,,19,SP2
,,,,,,,,,,,,,19,SP2
Regular season,22.0,Sat,2019-01-19,,Reus,0–1,Las Palmas,,Estadio Camp Nou Municipal,,Match Report,Match awarded to Las Palmas,19,SP2
Regular season,22.0,Sat,2019-01-19,16:00,Almería,0–0,Cádiz,7716.0,Estadio de los Juegos Mediterráneos,José López,Match Report,,19,SP2
Regular season,22.0,Sat,2019-01-19,18:00,Majadahonda,2–2,Zaragoza,2907.0,Miniestadio Cerro del Espino,David Pérez,Match Report,,19,SP2
Regular season,22.0,Sat,2019-01-19,18:00,Numancia,3–2,Córdoba,4302.0,Nuevo Estadio Los Pajaritos,Rubén Ávalos,Match Report,,19,SP2
Regular season,22.0,Sat,2019-01-19,20:30,Málaga,2–1,Lugo,12758.0,Estadio La Rosaleda,Álvaro Moreno,Match Report,,19,SP2
Regular season,22.0,Sun,2019-01-20,12:00,Osasuna,2–0,Mallorca,14278.0,Estadio El Sadar,Gorka Sagues,Match Report,,19,SP2
Regular season,22.0,Sun,2019-01-20,16:00,Sporting Gijón,2–0,Alcorcón,17104.0,Estadio Municipal El Molinón,Daniel Trujillo,Match Report,,19,SP2
Regular season,22.0,Sun,2019-01-20,17:00,Tenerife,2–0,Gimnàstic,11425.0,Estadio Heliodoro Rodríguez Lopéz,Santiago Varón,Match Report,,19,SP2
Regular season,22.0,Sun,2019-01-20,18:00,La Coruña,2–0,Albacete,16446.0,Estadio Municipal de Riazor,Iñaki Bikandi,Match Report,,19,SP2
Regular season,22.0,Sun,2019-01-20,20:00,Extremadura,0–2,Oviedo,8724.0,Estadio Francisco de la Hera,Abraham Domínguez,Match Report,,19,SP2
Regular season,22.0,Mon,2019-01-21,21:00,Granada,2–1,Elche,8306.0,Estadio Nuevo Los Cármenes,César Soto,Match Report,,19,SP2
,,,,,,,,,,,,,19,SP2
Regular season,23.0,Fri,2019-01-25,21:00,Zaragoza,2–0,Oviedo,17759.0,Estadio de la Romareda,Jorge Figueroa,Match Report,,19,SP2
Regular season,23.0,Sat,2019-01-26,16:00,Almería,0–1,Osasuna,7015.0,Estadio de los Juegos Mediterráneos,Valentín Pizarro,Match Report,,19,SP2
Regular season,23.0,Sat,2019-01-26,18:00,Elche,1–1,Numancia,9621.0,Estadio Manuel Martínez Valero,Aitor Gorostegui,Match Report,,19,SP2
Regular season,23.0,Sat,2019-01-26,18:00,Lugo,3–2,Majadahonda,3357.0,Estadio Anxo Carro,Oliver De La Fuente,Match Report,,19,SP2
Regular season,23.0,Sat,2019-01-26,19:30,Tenerife,0–0,Málaga,14465.0,Estadio Heliodoro Rodríguez Lopéz,Saúl Ais,Match Report,,19,SP2
Regular season,23.0,Sat,2019-01-26,20:30,Cádiz,1–1,Mallorca,13496.0,Estadio Ramón de Carranza,Dámaso Arcediano,Match Report,,19,SP2
Regular season,23.0,Sun,2019-01-27,,Albacete,1–0,Reus,,Estadio Carlos Belmonte,,Match Report,Match awarded to Albacete,19,SP2
Regular season,23.0,Sun,2019-01-27,16:00,Granada,0–0,Extremadura,11391.0,Estadio Nuevo Los Cármenes,Isidro Díaz de Mera,Match Report,,19,SP2
Regular season,23.0,Sun,2019-01-27,18:00,Sporting Gijón,1–2,La Coruña,20740.0,Estadio Municipal El Molinón,Juan Pulido,Match Report,,19,SP2
Regular season,23.0,Sun,2019-01-27,18:00,Alcorcón,2–1,Córdoba,2951.0,Estadio Santo Domingo,Daniel Ocón,Match Report,,19,SP2
Regular season,23.0,Sun,2019-01-27,20:00,Gimnàstic,0–0,Las Palmas,3392.0,Nou Estadi de Tarragona,Luis Milla,Match Report,,19,SP2
,,,,,,,,,,,,,19,SP2
Regular season,24.0,Fri,2019-02-01,21:00,Málaga,1–1,Almería,13313.0,Estadio La Rosaleda,Víctor Areces,Match Report,,19,SP2
Regular season,24.0,Sat,2019-02-02,16:00,Numancia,3–0,Lugo,2689.0,Nuevo Estadio Los Pajaritos,Abraham Domínguez,Match Report,,19,SP2
Regular season,24.0,Sat,2019-02-02,18:00,Majadahonda,1–0,Gimnàstic,3054.0,Miniestadio Cerro del Espino,Iñaki Bikandi,Match Report,,19,SP2
Regular season,24.0,Sat,2019-02-02,18:00,Córdoba,1–3,Albacete,12003.0,Estadio Nuevo Arcángel,Álvaro Moreno,Match Report,,19,SP2
Regular season,24.0,Sat,2019-02-02,20:30,La Coruña,0–0,Tenerife,18071.0,Estadio Municipal de Riazor,José López,Match Report,,19,SP2
Regular season,24.0,Sun,2019-02-03,,Reus,0–1,Elche,,Estadio Camp Nou Municipal,,Match Report,Match awarded to Elche,19,SP2
Regular season,24.0,Sun,2019-02-03,12:00,Mallorca,2–0,Alcorcón,7551.0,Iberostar Estadi,César Soto,Match Report,,19,SP2
Regular season,24.0,Sun,2019-02-03,16:00,Oviedo,2–1,Cádiz,12738.0,Estadio Nuevo Carlos Tartiere,Gorka Sagues,Match Report,,19,SP2
Regular season,24.0,Sun,2019-02-03,18:00,Osasuna,1–0,Granada,15083.0,Estadio El Sadar,Daniel Trujillo,Match Report,,19,SP2
Regular season,24.0,Sun,2019-02-03,20:00,Extremadura,0–3,Sporting Gijón,10440.0,Estadio Francisco de la Hera,Santiago Varón,Match Report,,19,SP2
Regular season,24.0,Mon,2019-02-04,20:00,Las Palmas,1–1,Zaragoza,10720.0,Estadio de Gran Canaria,Javier Villanueva,Match Report,,19,SP2
,,,,,,,,,,,,,19,SP2
Regular season,25.0,Fri,2019-02-08,21:00,Sporting Gijón,0–2,Osasuna,17806.0,Estadio Municipal El Molinón,Saúl Ais,Match Report,,19,SP2
Regular season,25.0,Sat,2019-02-09,,Gimnàstic,1–0,Reus,,Nou Estadi de Tarragona,,Match Report,Match awarded to Gimnàstic,19,SP2
Regular season,25.0,Sat,2019-02-09,18:00,Extremadura,1–1,Majadahonda,11069.0,Estadio Francisco de la Hera,Luis Milla,Match Report,,19,SP2
Regular season,25.0,Sat,2019-02-09,18:00,Elche,1–2,Oviedo,9298.0,Estadio Manuel Martínez Valero,Dámaso Arcediano,Match Report,,19,SP2
Regular season,25.0,Sat,2019-02-09,19:00,Tenerife,0–2,Córdoba,12532.0,Estadio Heliodoro Rodríguez Lopéz,Oliver De La Fuente,Match Report,,19,SP2
Regular season,25.0,Sat,2019-02-09,20:30,Lugo,1–2,Zaragoza,2998.0,Estadio Anxo Carro,Juan Pulido,Match Report,,19,SP2
Regular season,25.0,Sun,2019-02-10,12:00,Alcorcón,1–2,Cádiz,3765.0,Estadio Santo Domingo,Rubén Ávalos,Match Report,,19,SP2
Regular season,25.0,Sun,2019-02-10,16:00,Albacete,2–0,Mallorca,11825.0,Estadio Carlos Belmonte,Aitor Gorostegui,Match Report,,19,SP2
Regular season,25.0,Sun,2019-02-10,18:00,Granada,0–1,La Coruña,13128.0,Estadio Nuevo Los Cármenes,Valentín Pizarro,Match Report,,19,SP2
Regular season,25.0,Sun,2019-02-10,18:00,Almería,1–0,Numancia,7356.0,Estadio de los Juegos Mediterráneos,Isidro Díaz de Mera,Match Report,,19,SP2
Regular season,25.0,Sun,2019-02-10,20:00,Málaga,0–0,Las Palmas,15842.0,Estadio La Rosaleda,Daniel Ocón,Match Report,,19,SP2
,,,,,,,,,,,,,19,SP2
Regular season,26.0,Fri,2019-02-15,21:00,Córdoba,1–2,Granada,14242.0,Estadio Nuevo Arcángel,Gorka Sagues,Match Report,,19,SP2
Regular season,26.0,Sat,2019-02-16,16:00,La Coruña,1–1,Gimnàstic,16818.0,Estadio Municipal de Riazor,César Soto,Match Report,,19,SP2
Regular season,26.0,Sat,2019-02-16,18:00,Zaragoza,0–0,Albacete,25977.0,Estadio de la Romareda,Daniel Trujillo,Match Report,,19,SP2
Regular season,26.0,Sat,2019-02-16,18:00,Elche,2–0,Extremadura,9479.0,Estadio Manuel Martínez Valero,José López,Match Report,,19,SP2
Regular season,26.0,Sat,2019-02-16,20:00,Oviedo,1–0,Alcorcón,14405.0,Estadio Nuevo Carlos Tartiere,Santiago Varón,Match Report,,19,SP2
Regular season,26.0,Sat,2019-02-16,20:30,Cádiz,2–0,Tenerife,12939.0,Estadio Ramón de Carranza,Iñaki Bikandi,Match Report,,19,SP2
Regular season,26.0,Sun,2019-02-17,,Reus,0–1,Almería,,Estadio Camp Nou Municipal,,Match Report,Match awarded to Almería,19,SP2
Regular season,26.0,Sun,2019-02-17,12:00,Mallorca,3–0,Lugo,7433.0,Iberostar Estadi,Víctor Areces,Match Report,,19,SP2
Regular season,26.0,Sun,2019-02-17,16:00,Numancia,1–1,Osasuna,6024.0,Nuevo Estadio Los Pajaritos,Jorge Figueroa,Match Report,,19,SP2
Regular season,26.0,Sun,2019-02-17,18:00,Majadahonda,0–1,Málaga,3137.0,Miniestadio Cerro del Espino,Javier Villanueva,Match Report,,19,SP2
Regular season,26.0,Sun,2019-02-17,19:30,Las Palmas,1–0,Sporting Gijón,12277.0,Estadio de Gran Canaria,David Pérez,Match Report,,19,SP2
,,,,,,,,,,,,,19,SP2
Regular season,27.0,Fri,2019-02-22,20:00,Tenerife,2–2,Mallorca,9734.0,Estadio Heliodoro Rodríguez Lopéz,Daniel Ocón,Match Report,,19,SP2
Regular season,27.0,Sat,2019-02-23,16:00,Albacete,0–0,Oviedo,11457.0,Estadio Carlos Belmonte,Oliver De La Fuente,Match Report,,19,SP2
Regular season,27.0,Sat,2019-02-23,18:00,Gimnàstic,2–3,Cádiz,7494.0,Nou Estadi de Tarragona,Álvaro Moreno,Match Report,,19,SP2
Regular season,27.0,Sat,2019-02-23,20:00,Alcorcón,2–0,Las Palmas,3225.0,Estadio Santo Domingo,Dámaso Arcediano,Match Report,,19,SP2
Regular season,27.0,Sat,2019-02-23,20:30,Osasuna,1–0,Zaragoza,16750.0,Estadio El Sadar,Rubén Ávalos,Match Report,,19,SP2
Regular season,27.0,Sun,2019-02-24,,Granada,1–0,Reus,,Estadio Nuevo Los Cármenes,,Match Report,Match awarded to Granada,19,SP2
Regular season,27.0,Sun,2019-02-24,12:00,Sporting Gijón,2–3,Majadahonda,17296.0,Estadio Municipal El Molinón,Abraham Domínguez,Match Report,,19,SP2
Regular season,27.0,Sun,2019-02-24,16:00,Almería,3–1,Córdoba,8571.0,Estadio de los Juegos Mediterráneos,Juan Pulido,Match Report,,19,SP2
Regular season,27.0,Sun,2019-02-24,18:00,Lugo,2–2,Elche,3670.0,Estadio Anxo Carro,Isidro Díaz de Mera,Match Report,,19,SP2
Regular season,27.0,Sun,2019-02-24,18:00,Málaga,0–0,La Coruña,22414.0,Estadio La Rosaleda,Aitor Gorostegui,Match Report,,19,SP2
Regular season,27.0,Sun,2019-02-24,20:00,Extremadura,0–1,Numancia,10873.0,Estadio Francisco de la Hera,Saúl Ais,Match Report,,19,SP2
,,,,,,,,,,,,,19,SP2
Regular season,28.0,Sat,2019-03-02,16:00,Cádiz,1–0,Albacete,13515.0,Estadio Ramón de Carranza,Javier Villanueva,Match Report,,19,SP2
Regular season,28.0,Sat,2019-03-02,18:00,Osasuna,1–0,Gimnàstic,15389.0,Estadio El Sadar,José López,Match Report,,19,SP2
Regular season,28.0,Sat,2019-03-02,18:00,Córdoba,1–1,Málaga,13885.0,Estadio Nuevo Arcángel,Iñaki Bikandi,Match Report,,19,SP2
Regular season,28.0,Sun,2019-03-03,,Reus,0–1,Tenerife,,Estadio Camp Nou Municipal,,Match Report,Match awarded to Tenerife,19,SP2
Regular season,28.0,Sun,2019-03-03,12:00,Mallorca,1–1,Elche,7335.0,Iberostar Estadi,Valentín Pizarro,Match Report,,19,SP2
Regular season,28.0,Sun,2019-03-03,16:00,Numancia,1–2,Sporting Gijón,4071.0,Nuevo Estadio Los Pajaritos,Daniel Trujillo,Match Report,,19,SP2
Regular season,28.0,Sun,2019-03-03,18:00,Majadahonda,0–3,Granada,2891.0,Miniestadio Cerro del Espino,Víctor Areces,Match Report,,19,SP2
Regular season,28.0,Sun,2019-03-03,18:00,Oviedo,1–1,Lugo,15655.0,Estadio Nuevo Carlos Tartiere,Jorge Figueroa,Match Report,,19,SP2
Regular season,28.0,Sun,2019-03-03,19:00,Las Palmas,1–1,Extremadura,10892.0,Estadio de Gran Canaria,Gorka Sagues,Match Report,,19,SP2
Regular season,28.0,Sun,2019-03-03,20:30,Zaragoza,1–2,Almería,20400.0,Estadio de la Romareda,Santiago Varón,Match Report,,19,SP2
Regular season,28.0,Mon,2019-03-04,21:00,La Coruña,2–2,Alcorcón,15901.0,Estadio Municipal de Riazor,Luis Milla,Match Report,,19,SP2
,,,,,,,,,,,,,19,SP2
Regular season,29.0,Sat,2019-03-09,16:00,Mallorca,1–0,Oviedo,8032.0,Iberostar Estadi,Álvaro Moreno,Match Report,,19,SP2
Regular season,29.0,Sat,2019-03-09,18:00,Sporting Gijón,1–0,Almería,17490.0,Estadio Municipal El Molinón,Dámaso Arcediano,Match Report,,19,SP2
Regular season,29.0,Sat,2019-03-09,20:00,Gimnàstic,1–0,Albacete,4118.0,Nou Estadi de Tarragona,Daniel Ocón,Match Report,,19,SP2
Regular season,29.0,Sat,2019-03-09,20:30,Elche,1–0,Cádiz,10005.0,Estadio Manuel Martínez Valero,César Soto,Match Report,,19,SP2
Regular season,29.0,Sun,2019-03-10,,Lugo,1–0,Reus,,Estadio Anxo Carro,,Match Report,Match awarded to Lugo,19,SP2
Regular season,29.0,Sun,2019-03-10,12:00,Majadahonda,2–0,Alcorcón,3081.0,Miniestadio Cerro del Espino,Juan Pulido,Match Report,,19,SP2
Regular season,29.0,Sun,2019-03-10,16:00,Extremadura,3–0,Córdoba,11483.0,Estadio Francisco de la Hera,Aitor Gorostegui,Match Report,,19,SP2
Regular season,29.0,Sun,2019-03-10,17:00,Tenerife,1–1,Numancia,9337.0,Estadio Heliodoro Rodríguez Lopéz,David Pérez,Match Report,,19,SP2
Regular season,29.0,Sun,2019-03-10,18:00,Granada,1–0,Zaragoza,13139.0,Estadio Nuevo Los Cármenes,Saúl Ais,Match Report,,19,SP2
Regular season,29.0,Sun,2019-03-10,20:00,La Coruña,0–1,Las Palmas,16215.0,Estadio Municipal de Riazor,Oliver De La Fuente,Match Report,,19,SP2
Regular season,29.0,Mon,2019-03-11,21:00,Málaga,1–2,Osasuna,22178.0,Estadio La Rosaleda,Isidro Díaz de Mera,Match Report,,19,SP2
,,,,,,,,,,,,,19,SP2
Regular season,30.0,Sat,2019-03-16,16:00,Albacete,1–0,Extremadura,9814.0,Estadio Carlos Belmonte,Víctor Areces,Match Report,,19,SP2
Regular season,30.0,Sat,2019-03-16,18:00,Cádiz,1–1,Lugo,12595.0,Estadio Ramón de Carranza,José López,Match Report,,19,SP2
Regular season,30.0,Sat,2019-03-16,20:30,Alcorcón,1–1,Tenerife,2742.0,Estadio Santo Domingo,Abraham Domínguez,Match Report,,19,SP2
Regular season,30.0,Sat,2019-03-16,20:30,Zaragoza,1–0,Elche,20833.0,Estadio de la Romareda,Luis Milla,Match Report,,19,SP2
Regular season,30.0,Sun,2019-03-17,,Reus,0–1,La Coruña,,Estadio Camp Nou Municipal,,Match Report,Match awarded to La Coruña,19,SP2
Regular season,30.0,Sun,2019-03-17,12:00,Oviedo,2–0,Gimnàstic,12354.0,Estadio Nuevo Carlos Tartiere,Valentín Pizarro,Match Report,,19,SP2
Regular season,30.0,Sun,2019-03-17,16:00,Córdoba,1–2,Sporting Gijón,10196.0,Estadio Nuevo Arcángel,Rubén Ávalos,Match Report,,19,SP2
Regular season,30.0,Sun,2019-03-17,18:00,Almería,0–0,Granada,13273.0,Estadio de los Juegos Mediterráneos,Iñaki Bikandi,Match Report,,19,SP2
Regular season,30.0,Sun,2019-03-17,18:00,Osasuna,3–0,Majadahonda,16048.0,Estadio El Sadar,Santiago Varón,Match Report,,19,SP2
Regular season,30.0,Sun,2019-03-17,19:00,Las Palmas,1–2,Mallorca,14594.0,Estadio de Gran Canaria,Jorge Figueroa,Match Report,,19,SP2
Regular season,30.0,Mon,2019-03-18,21:00,Numancia,1–1,Málaga,2576.0,Nuevo Estadio Los Pajaritos,Gorka Sagues,Match Report,,19,SP2
,,,,,,,,,,,,,19,SP2
Regular season,31.0,Fri,2019-03-22,20:00,Tenerife,3–2,Osasuna,9268.0,Estadio Heliodoro Rodríguez Lopéz,Javier Villanueva,Match Report,,19,SP2
Regular season,31.0,Fri,2019-03-22,21:00,La Coruña,0–0,Almería,16086.0,Estadio Municipal de Riazor,Daniel Trujillo,Match Report,,19,SP2
Regular season,31.0,Sat,2019-03-23,16:00,Elche,3–1,Alcorcón,9329.0,Estadio Manuel Martínez Valero,Aitor Gorostegui,Match Report,,19,SP2
Regular season,31.0,Sat,2019-03-23,18:00,Lugo,0–3,Albacete,3626.0,Estadio Anxo Carro,Saúl Ais,Match Report,,19,SP2
Regular season,31.0,Sun,2019-03-24,,Extremadura,1–0,Reus,,Estadio Francisco de la Hera,,Match Report,Match awarded to Extremadura,19,SP2
Regular season,31.0,Sun,2019-03-24,12:00,Majadahonda,4–0,Numancia,3047.0,Miniestadio Cerro del Espino,Dámaso Arcediano,Match Report,,19,SP2
Regular season,31.0,Sun,2019-03-24,16:00,Gimnàstic,0–1,Málaga,6212.0,Nou Estadi de Tarragona,Juan Pulido,Match Report,,19,SP2
Regular season,31.0,Sun,2019-03-24,18:00,Cádiz,1–1,Córdoba,13615.0,Estadio Ramón de Carranza,David Pérez,Match Report,,19,SP2
Regular season,31.0,Sun,2019-03-24,20:00,Granada,1–1,Las Palmas,11253.0,Estadio Nuevo Los Cármenes,Álvaro Moreno,Match Report,,19,SP2
Regular season,31.0,Sun,2019-03-24,20:45,Sporting Gijón,1–0,Oviedo,26748.0,Estadio Municipal El Molinón,Isidro Díaz de Mera,Match Report,,19,SP2
Regular season,31.0,Mon,2019-03-25,21:00,Mallorca,3–0,Zaragoza,7837.0,Iberostar Estadi,Oliver De La Fuente,Match Report,,19,SP2
,,,,,,,,,,,,,19,SP2
Regular season,32.0,Fri,2019-03-29,21:00,Málaga,1–1,Sporting Gijón,16996.0,Estadio La Rosaleda,Valentín Pizarro,Match Report,,19,SP2
Regular season,32.0,Sat,2019-03-30,16:00,Almería,2–2,Majadahonda,6858.0,Estadio de los Juegos Mediterráneos,Rubén Ávalos,Match Report,,19,SP2
Regular season,32.0,Sat,2019-03-30,18:00,Numancia,2–1,Granada,3053.0,Nuevo Estadio Los Pajaritos,Daniel Ocón,Match Report,,19,SP2
Regular season,32.0,Sat,2019-03-30,20:30,Albacete,2–2,Tenerife,10565.0,Estadio Carlos Belmonte,Jorge Figueroa,Match Report,,19,SP2
Regular season,32.0,Sun,2019-03-31,,Reus,0–1,Cádiz,,Estadio Camp Nou Municipal,,Match Report,Match awarded to Cádiz,19,SP2
Regular season,32.0,Sun,2019-03-31,12:00,Córdoba,3–2,Mallorca,8148.0,Estadio Nuevo Arcángel,José López,Match Report,,19,SP2
Regular season,32.0,Sun,2019-03-31,16:00,Osasuna,1–0,Extremadura,16032.0,Estadio El Sadar,Abraham Domínguez,Match Report,,19,SP2
Regular season,32.0,Sun,2019-03-31,18:00,Alcorcón,0–0,Lugo,2537.0,Estadio Santo Domingo,Santiago Varón,Match Report,,19,SP2
Regular season,32.0,Sun,2019-03-31,18:00,Oviedo,1–1,La Coruña,18035.0,Estadio Nuevo Carlos Tartiere,César Soto,Match Report,,19,SP2
Regular season,32.0,Sun,2019-03-31,19:00,Las Palmas,0–1,Elche,10404.0,Estadio de Gran Canaria,Víctor Areces,Match Report,,19,SP2
Regular season,32.0,Mon,2019-04-01,21:00,Zaragoza,3–0,Gimnàstic,14809.0,Estadio de la Romareda,Gorka Sagues,Match Report,,19,SP2
,,,,,,,,,,,,,19,SP2
Regular season,33.0,Fri,2019-04-05,20:00,Tenerife,0–1,Sporting Gijón,10083.0,Estadio Heliodoro Rodríguez Lopéz,Álvaro Moreno,Match Report,,19,SP2
Regular season,33.0,Sat,2019-04-06,16:00,La Coruña,0–2,Majadahonda,15658.0,Estadio Municipal de Riazor,Aitor Gorostegui,Match Report,,19,SP2
Regular season,33.0,Sat,2019-04-06,18:00,Granada,1–0,Málaga,15211.0,Estadio Nuevo Los Cármenes,Daniel Trujillo,Match Report,,19,SP2
Regular season,33.0,Sat,2019-04-06,18:00,Extremadura,1–0,Almería,9754.0,Estadio Francisco de la Hera,Juan Pulido,Match Report,,19,SP2
Regular season,33.0,Sat,2019-04-06,20:30,Oviedo,1–1,Las Palmas,12022.0,Estadio Nuevo Carlos Tartiere,Saúl Ais,Match Report,,19,SP2
Regular season,33.0,Sun,2019-04-07,,Mallorca,1–0,Reus,,Iberostar Estadi,,Match Report,Match awarded to Mallorca,19,SP2
Regular season,33.0,Sun,2019-04-07,12:00,Alcorcón,0–1,Albacete,3902.0,Estadio Santo Domingo,Luis Milla,Match Report,,19,SP2
Regular season,33.0,Sun,2019-04-07,16:00,Lugo,2–2,Osasuna,3572.0,Estadio Anxo Carro,Dámaso Arcediano,Match Report,,19,SP2
Regular season,33.0,Sun,2019-04-07,18:00,Gimnàstic,2–0,Numancia,4118.0,Nou Estadi de Tarragona,Iñaki Bikandi,Match Report,,19,SP2
Regular season,33.0,Sun,2019-04-07,20:00,Elche,1–0,Córdoba,9392.0,Estadio Manuel Martínez Valero,Javier Villanueva,Match Report,,19,SP2
Regular season,33.0,Mon,2019-04-08,21:00,Cádiz,3–3,Zaragoza,10401.0,Estadio Ramón de Carranza,Isidro Díaz de Mera,Match Report,,19,SP2
,,,,,,,,,,,,,19,SP2
Regular season,34.0,Fri,2019-04-12,21:00,Sporting Gijón,1–0,Granada,20052.0,Estadio Municipal El Molinón,Gorka Sagues,Match Report,,19,SP2
Regular season,34.0,Sat,2019-04-13,16:00,Málaga,1–2,Extremadura,18910.0,Estadio La Rosaleda,Rubén Ávalos,Match Report,,19,SP2
Regular season,34.0,Sat,2019-04-13,18:00,Osasuna,2–1,La Coruña,16383.0,Estadio El Sadar,Jorge Figueroa,Match Report,,19,SP2
Regular season,34.0,Sat,2019-04-13,18:00,Almería,3–0,Gimnàstic,6133.0,Estadio de los Juegos Mediterráneos,Víctor Areces,Match Report,,19,SP2
Regular season,34.0,Sat,2019-04-13,20:30,Majadahonda,1–3,Tenerife,2716.0,Miniestadio Cerro del Espino,César Soto,Match Report,,19,SP2
Regular season,34.0,Sun,2019-04-14,,Reus,0–1,Oviedo,,Estadio Camp Nou Municipal,,Match Report,Match awarded to Oviedo,19,SP2
Regular season,34.0,Sun,2019-04-14,12:00,Albacete,1–1,Elche,13323.0,Estadio Carlos Belmonte,Abraham Domínguez,Match Report,,19,SP2
Regular season,34.0,Sun,2019-04-14,16:00,Numancia,1–1,Mallorca,3008.0,Nuevo Estadio Los Pajaritos,Valentín Pizarro,Match Report,,19,SP2
Regular season,34.0,Sun,2019-04-14,18:00,Córdoba,0–4,Lugo,9786.0,Estadio Nuevo Arcángel,Daniel Ocón,Match Report,,19,SP2
Regular season,34.0,Sun,2019-04-14,19:00,Las Palmas,0–3,Cádiz,10188.0,Estadio de Gran Canaria,Santiago Varón,Match Report,,19,SP2
Regular season,34.0,Sun,2019-04-14,20:30,Zaragoza,0–2,Alcorcón,20650.0,Estadio de la Romareda,David Pérez,Match Report,,19,SP2
,,,,,,,,,,,,,19,SP2
Regular season,35.0,Fri,2019-04-19,21:00,Alcorcón,1–4,Málaga,1607.0,Estadio Santo Domingo,Saúl Ais,Match Report,,19,SP2
Regular season,35.0,Sat,2019-04-20,16:00,Lugo,1–2,Granada,3826.0,Estadio Anxo Carro,Isidro Díaz de Mera,Match Report,,19,SP2
Regular season,35.0,Sat,2019-04-20,18:00,Albacete,4–2,Las Palmas,7247.0,Estadio Carlos Belmonte,Iñaki Bikandi,Match Report,,19,SP2
Regular season,35.0,Sat,2019-04-20,18:00,Gimnàstic,0–0,Sporting Gijón,3112.0,Nou Estadi de Tarragona,Oliver De La Fuente,Match Report,,19,SP2
Regular season,35.0,Sat,2019-04-20,20:00,Mallorca,2–0,Majadahonda,7649.0,Iberostar Estadi,Javier Villanueva,Match Report,,19,SP2
Regular season,35.0,Sun,2019-04-21,,Zaragoza,1–0,Reus,,Estadio de la Romareda,,Match Report,Match awarded to Zaragoza,19,SP2
Regular season,35.0,Sun,2019-04-21,12:00,Cádiz,2–1,Numancia,13116.0,Estadio Ramón de Carranza,Álvaro Moreno,Match Report,,19,SP2
Regular season,35.0,Sun,2019-04-21,16:00,La Coruña,1–2,Extremadura,16552.0,Estadio Municipal de Riazor,José López,Match Report,,19,SP2
Regular season,35.0,Sun,2019-04-21,18:00,Oviedo,3–3,Córdoba,13363.0,Estadio Nuevo Carlos Tartiere,Dámaso Arcediano,Match Report,,19,SP2
Regular season,35.0,Sun,2019-04-21,19:00,Tenerife,1–3,Almería,10339.0,Estadio Heliodoro Rodríguez Lopéz,Aitor Gorostegui,Match Report,,19,SP2
Regular season,35.0,Mon,2019-04-22,21:00,Elche,1–2,Osasuna,10741.0,Estadio Manuel Martínez Valero,Daniel Trujillo,Match Report,,19,SP2
,,,,,,,,,,,,,19,SP2
Regular season,36.0,Fri,2019-04-26,21:00,Numancia,1–2,La Coruña,3505.0,Nuevo Estadio Los Pajaritos,Luis Milla,Match Report,,19,SP2
Regular season,36.0,Sat,2019-04-27,16:15,Málaga,0–1,Mallorca,23621.0,Estadio La Rosaleda,David Pérez,Match Report,,19,SP2
Regular season,36.0,Sat,2019-04-27,18:00,Osasuna,2–0,Albacete,16819.0,Estadio El Sadar,Juan Pulido,Match Report,,19,SP2
Regular season,36.0,Sat,2019-04-27,18:00,Almería,0–1,Oviedo,7911.0,Estadio de los Juegos Mediterráneos,Gorka Sagues,Match Report,,19,SP2
Regular season,36.0,Sat,2019-04-27,20:30,Extremadura,1–0,Tenerife,11546.0,Estadio Francisco de la Hera,Valentín Pizarro,Match Report,,19,SP2
Regular season,36.0,Sun,2019-04-28,,Reus,0–1,Alcorcón,,Estadio Camp Nou Municipal,,Match Report,Match awarded to Alcorcón,19,SP2
Regular season,36.0,Sun,2019-04-28,12:00,Majadahonda,1–1,Cádiz,3440.0,Miniestadio Cerro del Espino,Daniel Ocón,Match Report,,19,SP2
Regular season,36.0,Sun,2019-04-28,16:00,Sporting Gijón,1–1,Elche,20094.0,Estadio Municipal El Molinón,Jorge Figueroa,Match Report,,19,SP2
Regular season,36.0,Sun,2019-04-28,17:00,Las Palmas,4–1,Lugo,8938.0,Estadio de Gran Canaria,Abraham Domínguez,Match Report,,19,SP2
Regular season,36.0,Sun,2019-04-28,18:00,Granada,2–0,Gimnàstic,12489.0,Estadio Nuevo Los Cármenes,César Soto,Match Report,,19,SP2
Regular season,36.0,Sun,2019-04-28,20:00,Córdoba,0–3,Zaragoza,6688.0,Estadio Nuevo Arcángel,Santiago Varón,Match Report,,19,SP2
,,,,,,,,,,,,,19,SP2
Regular season,41.0,Fri,2019-05-03,,Reus,0–1,Sporting Gijón,,Estadio Camp Nou Municipal,,Match Report,Match awarded to Sporting Gijón,19,SP2
,,,,,,,,,,,,,19,SP2
Regular season,37.0,Sat,2019-05-04,16:00,Alcorcón,0–0,Osasuna,3210.0,Estadio Santo Domingo,José López,Match Report,,19,SP2
Regular season,37.0,Sat,2019-05-04,18:00,Zaragoza,0–1,La Coruña,21404.0,Estadio de la Romareda,Iñaki Bikandi,Match Report,,19,SP2
Regular season,37.0,Sat,2019-05-04,18:00,Gimnàstic,0–1,Extremadura,3522.0,Nou Estadi de Tarragona,Javier Villanueva,Match Report,,19,SP2
Regular season,37.0,Sat,2019-05-04,19:30,Tenerife,2–1,Las Palmas,18717.0,Estadio Heliodoro Rodríguez Lopéz,Rubén Ávalos,Match Report,,19,SP2
Regular season,37.0,Sun,2019-05-05,,Córdoba,1–0,Reus,,Estadio Nuevo Arcángel,,Match Report,Match awarded to Córdoba,19,SP2
Regular season,37.0,Sun,2019-05-05,12:00,Lugo,4–2,Almería,4667.0,Estadio Anxo Carro,Saúl Ais,Match Report,,19,SP2
Regular season,37.0,Sun,2019-05-05,16:00,Mallorca,2–1,Sporting Gijón,11302.0,Iberostar Estadi,Isidro Díaz de Mera,Match Report,,19,SP2
Regular season,37.0,Sun,2019-05-05,18:00,Elche,2–1,Majadahonda,10405.0,Estadio Manuel Martínez Valero,Víctor Areces,Match Report,,19,SP2
Regular season,37.0,Sun,2019-05-05,18:00,Albacete,0–0,Numancia,11456.0,Estadio Carlos Belmonte,Daniel Trujillo,Match Report,,19,SP2
Regular season,37.0,Sun,2019-05-05,20:30,Oviedo,1–1,Granada,12770.0,Estadio Nuevo Carlos Tartiere,Oliver De La Fuente,Match Report,,19,SP2
Regular season,37.0,Mon,2019-05-06,21:00,Cádiz,1–1,Málaga,14320.0,Estadio Ramón de Carranza,Aitor Gorostegui,Match Report,,19,SP2
,,,,,,,,,,,,,19,SP2
Regular season,38.0,Fri,2019-05-10,21:00,Granada,2–1,Tenerife,14302.0,Estadio Nuevo Los Cármenes,Daniel Ocón,Match Report,,19,SP2
Regular season,38.0,Sat,2019-05-11,16:00,Gimnàstic,2–1,Mallorca,2865.0,Nou Estadi de Tarragona,Abraham Domínguez,Match Report,,19,SP2
Regular season,38.0,Sat,2019-05-11,16:00,Sporting Gijón,0–0,Lugo,16206.0,Estadio Municipal El Molinón,Luis Milla,Match Report,,19,SP2
Regular season,38.0,Sat,2019-05-11,18:00,Extremadura,0–3,Zaragoza,11328.0,Estadio Francisco de la Hera,Jorge Figueroa,Match Report,,19,SP2
Regular season,38.0,Sat,2019-05-11,18:00,Numancia,2–0,Alcorcón,4403.0,Nuevo Estadio Los Pajaritos,Dámaso Arcediano,Match Report,,19,SP2
Regular season,38.0,Sun,2019-05-12,,Osasuna,1–0,Reus,,Estadio El Sadar,,Match Report,Match awarded to Osasuna,19,SP2
Regular season,38.0,Sun,2019-05-12,12:00,Almería,5–3,Elche,5127.0,Estadio de los Juegos Mediterráneos,David Pérez,Match Report,,19,SP2
Regular season,38.0,Sun,2019-05-12,16:00,La Coruña,1–1,Cádiz,18399.0,Estadio Municipal de Riazor,César Soto,Match Report,,19,SP2
Regular season,38.0,Sun,2019-05-12,16:00,Majadahonda,2–3,Albacete,3258.0,Miniestadio Cerro del Espino,Santiago Varón,Match Report,,19,SP2
Regular season,38.0,Sun,2019-05-12,19:00,Las Palmas,1–0,Córdoba,8681.0,Estadio de Gran Canaria,Álvaro Moreno,Match Report,,19,SP2
Regular season,38.0,Mon,2019-05-13,21:00,Málaga,3–0,Oviedo,15894.0,Estadio La Rosaleda,Juan Pulido,Match Report,,19,SP2
,,,,,,,,,,,,,19,SP2
Regular season,39.0,Fri,2019-05-17,21:00,Zaragoza,4–2,Sporting Gijón,19963.0,Estadio de la Romareda,Saúl Ais,Match Report,,19,SP2
Regular season,39.0,Sat,2019-05-18,16:00,Alcorcón,0–1,Extremadura,2840.0,Estadio Santo Domingo,Daniel Trujillo,Match Report,,19,SP2
Regular season,39.0,Sat,2019-05-18,20:30,Elche,3–0,Tenerife,7348.0,Estadio Manuel Martínez Valero,Isidro Díaz de Mera,Match Report,,19,SP2
Regular season,39.0,Sun,2019-05-19,,Reus,0–1,Málaga,,Estadio Camp Nou Municipal,,Match Report,Match awarded to Málaga,19,SP2
Regular season,39.0,Sun,2019-05-19,12:00,Mallorca,1–0,Almería,9645.0,Iberostar Estadi,José López,Match Report,,19,SP2
Regular season,39.0,Sun,2019-05-19,16:00,Oviedo,1–0,Numancia,10103.0,Estadio Nuevo Carlos Tartiere,Rubén Ávalos,Match Report,,19,SP2
Regular season,39.0,Sun,2019-05-19,17:00,Las Palmas,3–2,Majadahonda,7815.0,Estadio de Gran Canaria,Iñaki Bikandi,Match Report,,19,SP2
Regular season,39.0,Sun,2019-05-19,18:00,Cádiz,0–0,Osasuna,15882.0,Estadio Ramón de Carranza,Dámaso Arcediano,Match Report,,19,SP2
Regular season,39.0,Sun,2019-05-19,20:00,Lugo,1–0,La Coruña,6093.0,Estadio Anxo Carro,Gorka Sagues,Match Report,,19,SP2
Regular season,39.0,Sun,2019-05-19,20:00,Córdoba,4–3,Gimnàstic,2986.0,Estadio Nuevo Arcángel,Oliver De La Fuente,Match Report,,19,SP2
Regular season,39.0,Mon,2019-05-20,21:00,Albacete,0–1,Granada,15014.0,Estadio Carlos Belmonte,Valentín Pizarro,Match Report,,19,SP2
,,,,,,,,,,,,,19,SP2
Regular season,40.0,Fri,2019-05-24,21:00,Málaga,3–1,Zaragoza,18970.0,Estadio La Rosaleda,Daniel Trujillo,Match Report,,19,SP2
Regular season,40.0,Sat,2019-05-25,16:00,Majadahonda,0–0,Córdoba,3512.0,Miniestadio Cerro del Espino,David Pérez,Match Report,,19,SP2
Regular season,40.0,Sat,2019-05-25,18:00,Osasuna,2–0,Las Palmas,16758.0,Estadio El Sadar,Abraham Domínguez,Match Report,,19,SP2
Regular season,40.0,Sat,2019-05-25,18:00,Sporting Gijón,0–2,Albacete,11135.0,Estadio Municipal El Molinón,Iñaki Bikandi,Match Report,,19,SP2
Regular season,40.0,Sun,2019-05-26,,Numancia,1–0,Reus,,Nuevo Estadio Los Pajaritos,,Match Report,Match awarded to Numancia,19,SP2
Regular season,40.0,Sun,2019-05-26,12:00,Almería,0–0,Alcorcón,4286.0,Estadio de los Juegos Mediterráneos,Santiago Varón,Match Report,,19,SP2
Regular season,40.0,Sun,2019-05-26,16:00,Gimnàstic,3–3,Elche,1669.0,Nou Estadi de Tarragona,Álvaro Moreno,Match Report,,19,SP2
Regular season,40.0,Sun,2019-05-26,17:00,Tenerife,2–1,Oviedo,16389.0,Estadio Heliodoro Rodríguez Lopéz,César Soto,Match Report,,19,SP2
Regular season,40.0,Sun,2019-05-26,19:00,Granada,1–1,Cádiz,18262.0,Estadio Nuevo Los Cármenes,Juan Pulido,Match Report,,19,SP2
Regular season,40.0,Sun,2019-05-26,20:00,Extremadura,0–0,Lugo,11580.0,Estadio Francisco de la Hera,Daniel Ocón,Match Report,,19,SP2
Regular season,40.0,Mon,2019-05-27,21:00,La Coruña,1–0,Mallorca,13480.0,Estadio Municipal de Riazor,Aitor Gorostegui,Match Report,,19,SP2
,,,,,,,,,,,,,19,SP2
Regular season,41.0,Fri,2019-05-31,21:00,Córdoba,2–3,Osasuna,2313.0,Estadio Nuevo Arcángel,Víctor Areces,Match Report,,19,SP2
Regular season,41.0,Sat,2019-06-01,19:00,Alcorcón,0–1,Gimnàstic,1894.0,Estadio Santo Domingo,David Pérez,Match Report,,19,SP2
Regular season,41.0,Sun,2019-06-02,17:00,Las Palmas,0–0,Almería,7288.0,Estadio de Gran Canaria,Valentín Pizarro,Match Report,,19,SP2
Regular season,41.0,Tue,2019-06-04,21:00,Lugo,0–0,Tenerife,5482.0,Estadio Anxo Carro,Jorge Figueroa,Match Report,,19,SP2
Regular season,41.0,Tue,2019-06-04,21:00,Elche,0–0,La Coruña,5914.0,Estadio Manuel Martínez Valero,Rubén Ávalos,Match Report,,19,SP2
Regular season,41.0,Tue,2019-06-04,21:00,Oviedo,4–3,Majadahonda,5683.0,Estadio Nuevo Carlos Tartiere,Luis Milla,Match Report,,19,SP2
Regular season,41.0,Tue,2019-06-04,21:00,Cádiz,0–1,Extremadura,14547.0,Estadio Ramón de Carranza,Oliver De La Fuente,Match Report,,19,SP2
Regular season,41.0,Tue,2019-06-04,21:00,Albacete,1–2,Málaga,11649.0,Estadio Carlos Belmonte,Gorka Sagues,Match Report,,19,SP2
Regular season,41.0,Tue,2019-06-04,21:00,Zaragoza,0–0,Numancia,17118.0,Estadio de la Romareda,Javier Villanueva,Match Report,,19,SP2
Regular season,41.0,Tue,2019-06-04,21:00,Mallorca,1–1,Granada,13839.0,Iberostar Estadi,Dámaso Arcediano,Match Report,,19,SP2
,,,,,,,,,,,,,19,SP2
Regular season,42.0,Fri,2019-06-07,,Majadahonda,1–0,Reus,,Miniestadio Cerro del Espino,,Match Report,Match awarded to Majadahonda,19,SP2
Regular season,42.0,Sat,2019-06-08,20:30,Osasuna,1–0,Oviedo,14866.0,Estadio El Sadar,Oliver De La Fuente,Match Report,,19,SP2
Regular season,42.0,Sat,2019-06-08,20:30,Málaga,3–0,Elche,17739.0,Estadio La Rosaleda,Rubén Ávalos,Match Report,,19,SP2
Regular season,42.0,Sat,2019-06-08,20:30,La Coruña,2–0,Córdoba,22127.0,Estadio Municipal de Riazor,Iñaki Bikandi,Match Report,,19,SP2
Regular season,42.0,Sat,2019-06-08,20:30,Extremadura,0–0,Mallorca,9732.0,Estadio Francisco de la Hera,Saúl Ais,Match Report,,19,SP2
Regular season,42.0,Sat,2019-06-08,20:30,Almería,3–0,Albacete,4375.0,Estadio de los Juegos Mediterráneos,Aitor Gorostegui,Match Report,,19,SP2
Regular season,42.0,Sat,2019-06-08,20:30,Granada,2–1,Alcorcón,15162.0,Estadio Nuevo Los Cármenes,Javier Villanueva,Match Report,,19,SP2
Regular season,42.0,Sat,2019-06-08,20:30,Sporting Gijón,1–0,Cádiz,8602.0,Estadio Municipal El Molinón,Daniel Ocón,Match Report,,19,SP2
Regular season,42.0,Sun,2019-06-09,18:30,Gimnàstic,1–1,Lugo,2526.0,Nou Estadi de Tarragona,José López,Match Report,,19,SP2
Regular season,42.0,Sun,2019-06-09,19:30,Tenerife,1–0,Zaragoza,11593.0,Estadio Heliodoro Rodríguez Lopéz,Abraham Domínguez,Match Report,,19,SP2
Regular season,42.0,Sun,2019-06-09,20:00,Numancia,1–1,Las Palmas,2561.0,Nuevo Estadio Los Pajaritos,Álvaro Moreno,Match Report,,19,SP2
,,,,,,,,,,,,,19,SP2
Semi-finals,,Wed,2019-06-12,21:00,La Coruña,4–2,Málaga,24140.0,Estadio Municipal de Riazor,César Soto,Match Report,Leg 1 of 2,19,SP2
Semi-finals,,Thu,2019-06-13,21:00,Mallorca,2–0,Albacete,15103.0,Iberostar Estadi,Juan Pulido,Match Report,Leg 1 of 2,19,SP2
Semi-finals,,Sat,2019-06-15,21:00,Málaga,0–1,La Coruña,27275.0,Estadio La Rosaleda,Isidro Díaz de Mera,Match Report,Leg 2 of 2; La Coruña won,19,SP2
Semi-finals,,Sun,2019-06-16,19:00,Albacete,1–0,Mallorca,13306.0,Estadio Carlos Belmonte,Jorge Figueroa,Match Report,Leg 2 of 2; Mallorca won,19,SP2
Final,,Thu,2019-06-20,21:00,La Coruña,2–0,Mallorca,29271.0,Estadio Municipal de Riazor,Daniel Trujillo,Match Report,Leg 1 of 2,19,SP2
Final,,Sun,2019-06-23,21:00,Mallorca,3–0,La Coruña,21210.0,Iberostar Estadi,Valentín Pizarro,Match Report,Leg 2 of 2; Mallorca won,19,SP2
